"","file","name","tconst"
"1","10-Things-I-Hate-About-You.txt","10-things-i-hate-about-you","tt0147800"
"3","12-Monkeys.txt","12-monkeys","tt0114746"
"4","12-Years-a-Slave.txt","12-years-a-slave","tt2024544"
"5","12.txt","12","tt0488478"
"6","127-Hours.txt","127-hours","tt1542344"
"8","15-Minutes.txt","15-minutes","tt0179626"
"9","17-Again.txt","17-again","tt0974661"
"12","2012.txt","2012","tt1190080"
"13","25th-Hour.txt","25th-hour","tt0307901"
"15","30-Minutes-or-Less.txt","30-minutes-or-less","tt1622547"
"16","42.txt","42","tt0453562"
"20","500-Days-of-Summer.txt","500-days-of-summer","tt1022603"
"21","8MM.txt","8mm","tt0134273"
"22","9.txt","9","tt0472033"
"23","A-Few-Good-Men.txt","a-few-good-men","tt0104257"
"24","A-Most-Violent-Year.txt","a-most-violent-year","tt2937898"
"25","A-Prayer-Before-Dawn.txt","a-prayer-before-dawn","tt4080956"
"26","A-Quiet-Place.txt","a-quiet-place","tt6644200"
"27","A-Scanner-Darkly.txt","a-scanner-darkly","tt0405296"
"28","A-Serious-Man.txt","a-serious-man","tt1019452"
"29","Above-the-Law.txt","above-the-law","tt0094602"
"30","Absolute-Power.txt","absolute-power","tt0118548"
"31","Abyss,-The.txt","the-abyss","tt0096754"
"34","Addams-Family,-The.txt","the-addams-family","tt0101272"
"35","Adjustment-Bureau,-The.txt","the-adjustment-bureau","tt1385826"
"37","Affliction.txt","affliction","tt0118564"
"39","After.Life.txt","after.life","tt0838247"
"40","Agnes-of-God.txt","agnes-of-god","tt0088683"
"41","Air-Force-One.txt","air-force-one","tt0118571"
"44","Aladdin.txt","aladdin","tt0103639"
"45","Ali.txt","ali","tt0248667"
"46","Alien-3.txt","alien-3","tt0103644"
"47","Alien-Nation.txt","alien-nation","tt0094631"
"49","Alien-vs.-Predator.txt","alien-vs.-predator","tt0370263"
"50","Alien.txt","alien","tt0078748"
"51","Aliens.txt","aliens","tt0090605"
"53","All-About-Steve.txt","all-about-steve","tt0881891"
"54","All-the-King's-Men.txt","all-the-king's-men","tt0405676"
"55","All-the-President's-Men.txt","all-the-president's-men","tt0074119"
"56","Almost-Famous.txt","almost-famous","tt0181875"
"57","Alone-in-the-Dark.txt","alone-in-the-dark","tt0369226"
"58","Amadeus.txt","amadeus","tt0086879"
"59","Amelia.txt","amelia","tt1129445"
"60","American-Beauty.txt","american-beauty","tt0169547"
"61","American-Gangster.txt","american-gangster","tt0765429"
"62","American-Graffiti.txt","american-graffiti","tt0069704"
"63","American-History-X.txt","american-history-x","tt0120586"
"64","American-Hustle.txt","american-hustle","tt1800241"
"67","American-Outlaws.txt","american-outlaws","tt0244000"
"68","American-Pie.txt","american-pie","tt0163651"
"69","American-President,-The.txt","the-american-president","tt0112346"
"70","American-Psycho.txt","american-psycho","tt0144084"
"72","American-Sniper.txt","american-sniper","tt2179136"
"73","American-Splendor.txt","american-splendor","tt0305206"
"75","American,-The.txt","the-american","tt1440728"
"77","Amour.txt","amour","tt1602620"
"78","An-Education.txt","an-education","tt1174732"
"80","Analyze-This.txt","analyze-this","tt0122933"
"81","Anastasia.txt","anastasia","tt0118617"
"82","Angel-Eyes.txt","angel-eyes","tt0225071"
"83","Anna-Karenina.txt","anna-karenina","tt1781769"
"85","Anniversary-Party,-The.txt","the-anniversary-party","tt0254099"
"86","Anonymous.txt","anonymous","tt1521197"
"88","Antz.txt","antz","tt0120587"
"90","Apocalypse-Now.txt","apocalypse-now","tt0078788"
"91","Apollo-13.txt","apollo-13","tt0112384"
"92","April-Fool's-Day.txt","april-fool's-day","tt0090655"
"94","Arbitrage.txt","arbitrage","tt1764183"
"97","Argo.txt","argo","tt1024648"
"98","Armageddon.txt","armageddon","tt0120591"
"99","Army-of-Darkness.txt","army-of-darkness","tt0106308"
"101","Arthur.txt","arthur","tt1334512"
"102","Artist,-The.txt","the-artist","tt1655442"
"103","As-Good-As-It-Gets.txt","as-good-as-it-gets","tt0119822"
"104","Assassins.txt","assassins","tt0112401"
"105","Assignment,-The.txt","the-assignment","tt0118647"
"111","Autumn-in-New-York.txt","autumn-in-new-york","tt0174480"
"112","Avatar.txt","avatar","tt0499549"
"116","Awakenings.txt","awakenings","tt0099077"
"117","Babe.txt","babe","tt0112431"
"119","Bachelor-Party.txt","bachelor-party","tt0086927"
"120","Back-up-Plan,-The.txt","the-back-up-plan","tt1212436"
"122","Bad-Boys.txt","bad-boys","tt0112442"
"123","Bad-Country.txt","bad-country","tt2350892"
"127","Bad-Santa.txt","bad-santa","tt0307987"
"128","Bad-Teacher.txt","bad-teacher","tt1284575"
"129","Badlands.txt","badlands","tt0069762"
"130","Bamboozled.txt","bamboozled","tt0215545"
"131","Barry-Lyndon.txt","barry-lyndon","tt0072684"
"132","Barton-Fink.txt","barton-fink","tt0101410"
"134","Basic.txt","basic","tt0264395"
"137","Batman.txt","batman","tt0096895"
"138","Battle-Los-Angeles.txt","battle-los-angeles","tt1217613"
"139","Battle-of-Algiers,-The.txt","the-battle-of-algiers","tt0058946"
"141","Beach,-The.txt","the-beach","tt0163978"
"142","Bean.txt","bean","tt0118689"
"143","Beasts-of-No-Nation.txt","beasts-of-no-nation","tt1365050"
"144","Beasts-of-the-Southern-Wild.txt","beasts-of-the-southern-wild","tt2125435"
"146","Beavis-and-Butt-head-Do-America.txt","beavis-and-butt-head-do-america","tt0115641"
"147","Beginners.txt","beginners","tt1532503"
"150","Being-There.txt","being-there","tt0078841"
"151","Believer,-The.txt","the-believer","tt0247199"
"152","Belle.txt","belle","tt2404181"
"153","Beloved.txt","beloved","tt0120603"
"154","Best-Exotic-Marigold-Hotel,-The.txt","the-best-exotic-marigold-hotel","tt1412386"
"155","Big-Blue,-The.txt","the-big-blue","tt0095250"
"156","Big-Eyes.txt","big-eyes","tt1126590"
"158","Big-Lebowski,-The.txt","the-big-lebowski","tt0118715"
"159","Big-Sick,-The.txt","the-big-sick","tt5462602"
"160","Big-White,-The.txt","the-big-white","tt0402850"
"161","Big.txt","big","tt0094737"
"163","Birds,-The.txt","the-birds","tt0056869"
"165","Black-Dahlia,-The.txt","the-black-dahlia","tt0387877"
"166","Black-Panther.txt","black-panther","tt1825683"
"167","Black-Rain.txt","black-rain","tt0096933"
"168","Black-Snake-Moan.txt","black-snake-moan","tt0462200"
"169","Black-Swan.txt","black-swan","tt0947798"
"170","BlacKkKlansman.txt","blackkklansman","tt7349662"
"171","Blade-II.txt","blade-ii","tt0187738"
"172","Blade-Runner.txt","blade-runner","tt0083658"
"174","Blade.txt","blade","tt0120611"
"176","Blind-Side,-The.txt","the-blind-side","tt0878804"
"177","Bling-Ring,-The.txt","the-bling-ring","tt2132285"
"178","Blood-and-Wine.txt","blood-and-wine","tt0115710"
"179","Blood-Simple.txt","blood-simple","tt0086979"
"180","Blow.txt","blow","tt0221027"
"181","Blue-Valentine.txt","blue-valentine","tt1120985"
"184","Body-of-Evidence.txt","body-of-evidence","tt0106453"
"185","Bodyguard.txt","bodyguard","tt1729637"
"186","Bones.txt","bones","tt0166110"
"188","Bonnie-and-Clyde.txt","bonnie-and-clyde","tt0061418"
"189","Boogie-Nights.txt","boogie-nights","tt0118749"
"190","Book-of-Eli,-The.txt","the-book-of-eli","tt1037705"
"192","Boondock-Saints,-The.txt","the-boondock-saints","tt0144117"
"194","Bound.txt","bound","tt0115736"
"195","Bounty-Hunter,-The.txt","the-bounty-hunter","tt1038919"
"196","Bourne-Identity,-The.txt","the-bourne-identity","tt0258463"
"197","Bourne-Supremacy,-The.txt","the-bourne-supremacy","tt0372183"
"198","Bourne-Ultimatum,-The.txt","the-bourne-ultimatum","tt0440963"
"199","Box,-The.txt","the-box","tt0362478"
"200","Boxtrolls,-The.txt","the-boxtrolls","tt0787474"
"201","Boyhood.txt","boyhood","tt1065073"
"205","Breakdown.txt","breakdown","tt0118771"
"206","Breakfast-Club,-The.txt","the-breakfast-club","tt0088847"
"207","Breaking-Away.txt","breaking-away","tt0078902"
"208","Brick.txt","brick","tt0393109"
"209","Bridesmaids.txt","bridesmaids","tt1478338"
"210","Bringing-Out-the-Dead.txt","bringing-out-the-dead","tt0163988"
"211","Broadcast-News.txt","broadcast-news","tt0092699"
"212","Broken-Arrow.txt","broken-arrow","tt0115759"
"213","Broken-Embraces.txt","broken-embraces","tt0913425"
"214","Brothers-Bloom,-The.txt","the-brothers-bloom","tt0844286"
"215","Bruce-Almighty.txt","bruce-almighty","tt0315327"
"216","Buffy-the-Vampire-Slayer.txt","buffy-the-vampire-slayer","tt0103893"
"218","Buried.txt","buried","tt1462758"
"219","Burlesque.txt","burlesque","tt1126591"
"220","Burn-After-Reading.txt","burn-after-reading","tt0887883"
"222","Butterfly-Effect,-The.txt","the-butterfly-effect","tt0289879"
"225","Capote.txt","capote","tt0379725"
"226","Carrie.txt","carrie","tt0074285"
"227","Cars-2.txt","cars-2","tt1216475"
"228","Case-39.txt","case-39","tt0795351"
"229","Casino.txt","casino","tt0112641"
"230","Cast-Away.txt","cast-away","tt0162222"
"231","Catch-Me-If-You-Can.txt","catch-me-if-you-can","tt0264464"
"232","Catwoman.txt","catwoman","tt0327554"
"233","Cecil-B.-Demented.txt","cecil-b.-demented","tt0173716"
"234","Cedar-Rapids.txt","cedar-rapids","tt1477837"
"235","Cell,-The.txt","the-cell","tt0209958"
"236","Cellular.txt","cellular","tt0337921"
"237","Change-Up,-The.txt","the-change-up","tt1488555"
"238","Changeling.txt","changeling","tt0824747"
"239","Chaos.txt","chaos","tt0402910"
"240","Charade.txt","charade","tt0056923"
"241","Charlie's-Angels.txt","charlie's-angels","tt0160127"
"242","Chasing-Amy.txt","chasing-amy","tt0118842"
"244","Cherry-Falls.txt","cherry-falls","tt0175526"
"245","Chinatown.txt","chinatown","tt0071315"
"247","Chronicle.txt","chronicle","tt1706593"
"249","Cider-House-Rules,-The.txt","the-cider-house-rules","tt0124315"
"250","Cincinnati-Kid,-The.txt","the-cincinnati-kid","tt0059037"
"251","Cinema-Paradiso.txt","cinema-paradiso","tt0095765"
"256","Clerks.txt","clerks","tt0109445"
"257","Cliffhanger.txt","cliffhanger","tt0106582"
"258","Clueless.txt","clueless","tt0112697"
"259","Cobb.txt","cobb","tt0109450"
"260","Coco.txt","coco","tt2380307"
"261","Code-of-Silence.txt","code-of-silence","tt0088936"
"262","Cold-Mountain.txt","cold-mountain","tt0159365"
"264","Collateral-Damage.txt","collateral-damage","tt0233469"
"265","Colombiana.txt","colombiana","tt1657507"
"267","Commando.txt","commando","tt0088944"
"268","Conan-the-Barbarian.txt","conan-the-barbarian","tt0816462"
"269","Confessions-of-a-Dangerous-Mind.txt","confessions-of-a-dangerous-mind","tt0270288"
"270","Confidence.txt","confidence","tt0310910"
"271","Constantine.txt","constantine","tt0360486"
"272","Cooler,-The.txt","the-cooler","tt0318374"
"274","Coraline.txt","coraline","tt0327597"
"275","Coriolanus.txt","coriolanus","tt1372686"
"276","Cradle-2-the-Grave.txt","cradle-2-the-grave","tt0306685"
"277","Crank.txt","crank","tt0479884"
"281","Creation.txt","creation","tt0974014"
"283","Croods,-The.txt","the-croods","tt0481499"
"284","Crouching-Tiger,-Hidden-Dragon.txt","crouching-tiger,-hidden-dragon","tt0190332"
"285","Croupier.txt","croupier","tt0159382"
"288","Crow,-The.txt","the-crow","tt0109506"
"289","Cruel-Intentions.txt","cruel-intentions","tt0139134"
"291","Cube.txt","cube","tt0123755"
"292","Curious-Case-of-Benjamin-Button,-The.txt","the-curious-case-of-benjamin-button","tt0421715"
"293","Custody.txt","custody","tt6002232"
"294","Dallas-Buyers-Club.txt","dallas-buyers-club","tt0790636"
"295","Damned-United,-The.txt","the-damned-united","tt1226271"
"296","Dances-with-Wolves.txt","dances-with-wolves","tt0099348"
"297","Danish-Girl,-The.txt","the-danish-girl","tt0810819"
"298","Dark-City.txt","dark-city","tt0118929"
"299","Dark-Knight-Rises,-The.txt","the-dark-knight-rises","tt1345836"
"300","Dark-Star.txt","dark-star","tt0069945"
"301","Darkman.txt","darkman","tt0099365"
"304","Dawn-of-the-Dead.txt","dawn-of-the-dead","tt0077402"
"305","Day-of-the-Dead.txt","day-of-the-dead","tt0088993"
"307","Day-the-Earth-Stood-Still,-The.txt","the-day-the-earth-stood-still","tt0970416"
"308","Days-of-Heaven.txt","days-of-heaven","tt0077405"
"309","Dead-Poets-Society.txt","dead-poets-society","tt0097165"
"311","Dear-White-People.txt","dear-white-people","tt2235108"
"313","Death-to-Smoochy.txt","death-to-smoochy","tt0266452"
"314","Debt,-The.txt","the-debt","tt1226753"
"315","Deception.txt","deception","tt0800240"
"316","Deep-Cover.txt","deep-cover","tt0104073"
"317","Deep-Rising.txt","deep-rising","tt0118956"
"318","Deer-Hunter,-The.txt","the-deer-hunter","tt0077416"
"319","Defiance.txt","defiance","tt1034303"
"320","Departed,-The.txt","the-departed","tt0407887"
"321","Descendants,-The.txt","the-descendants","tt1033575"
"322","Despicable-Me-2.txt","despicable-me-2","tt1690953"
"323","Detroit-Rock-City.txt","detroit-rock-city","tt0165710"
"325","Devil-in-a-Blue-Dress.txt","devil-in-a-blue-dress","tt0112857"
"326","Devil-Wears-Prada,-The.txt","the-devil-wears-prada","tt0458352"
"327","Die-Hard-2.txt","die-hard-2","tt0099423"
"328","Die-Hard.txt","die-hard","tt0095016"
"329","Diner.txt","diner","tt0083833"
"330","Distinguished-Gentleman,-The.txt","the-distinguished-gentleman","tt0104114"
"331","Disturbia.txt","disturbia","tt0486822"
"332","Django-Unchained.txt","django-unchained","tt1853728"
"333","Do-The-Right-Thing.txt","do-the-right-thing","tt0097216"
"334","Dog-Day-Afternoon.txt","dog-day-afternoon","tt0072890"
"335","Dogma.txt","dogma","tt0120655"
"336","Donnie-Brasco.txt","donnie-brasco","tt0119008"
"337","Doors,-The.txt","the-doors","tt0101761"
"340","Dragonslayer.txt","dragonslayer","tt0082288"
"341","Drive-Angry.txt","drive-angry","tt1502404"
"342","Drive.txt","drive","tt0780504"
"343","Drop-Dead-Gorgeous.txt","drop-dead-gorgeous","tt0157503"
"346","Dumb-and-Dumber.txt","dumb-and-dumber","tt0109686"
"347","Dune.txt","dune","tt0087182"
"349","Eagle-Eye.txt","eagle-eye","tt1059786"
"350","Eastern-Promises.txt","eastern-promises","tt0765443"
"351","Easy-A.txt","easy-a","tt1282140"
"353","Ed-Wood.txt","ed-wood","tt0109707"
"354","Edward-Scissorhands.txt","edward-scissorhands","tt0099487"
"355","Eight-Legged-Freaks.txt","eight-legged-freaks","tt0271367"
"356","El-Mariachi.txt","el-mariachi","tt0104815"
"357","Election.txt","election","tt0126886"
"358","Elephant-Man,-The.txt","the-elephant-man","tt0080678"
"360","Enemy-of-the-State.txt","enemy-of-the-state","tt0120660"
"361","English-Patient,-The.txt","the-english-patient","tt0116209"
"364","Erik-the-Viking.txt","erik-the-viking","tt0097289"
"367","Escape-From-New-York.txt","escape-from-new-york","tt0082340"
"368","Eternal-Sunshine-of-the-Spotless-Mind.txt","eternal-sunshine-of-the-spotless-mind","tt0338013"
"369","Even-Cowgirls-Get-the-Blues.txt","even-cowgirls-get-the-blues","tt0106834"
"370","Event-Horizon.txt","event-horizon","tt0119081"
"372","Evil-Dead.txt","evil-dead","tt1288558"
"373","Ex-Machina.txt","ex-machina","tt0470752"
"374","Excalibur.txt","excalibur","tt0082348"
"375","eXistenZ.txt","existenz","tt0120907"
"377","Fabulous-Baker-Boys,-The.txt","the-fabulous-baker-boys","tt0097322"
"379","Fair-Game.txt","fair-game","tt0977855"
"380","Family-Man,-The.txt","the-family-man","tt0218967"
"381","Fantastic-Four.txt","fantastic-four","tt0120667"
"383","Fargo.txt","fargo","tt0116282"
"386","Fault-in-Our-Stars,-The.txt","the-fault-in-our-stars","tt2582846"
"387","Fear-and-Loathing-in-Las-Vegas.txt","fear-and-loathing-in-las-vegas","tt0120669"
"389","Ferris-Bueller's-Day-Off.txt","ferris-bueller's-day-off","tt0091042"
"390","Field-of-Dreams.txt","field-of-dreams","tt0097351"
"391","Fifth-Element,-The.txt","the-fifth-element","tt0119116"
"392","Fight-Club.txt","fight-club","tt0137523"
"393","Fighter,-The.txt","the-fighter","tt0964517"
"394","Final-Destination-2.txt","final-destination-2","tt0309593"
"395","Final-Destination.txt","final-destination","tt0195714"
"396","Finding-Nemo.txt","finding-nemo","tt0266543"
"397","Five-Easy-Pieces.txt","five-easy-pieces","tt0065724"
"398","Flash-Gordon.txt","flash-gordon","tt0080745"
"401","Flintstones,-The.txt","the-flintstones","tt0109813"
"402","Forrest-Gump.txt","forrest-gump","tt0109830"
"404","Four-Rooms.txt","four-rooms","tt0113101"
"405","Foxcatcher.txt","foxcatcher","tt1100089"
"406","Fracture.txt","fracture","tt0488120"
"407","Frances.txt","frances","tt0083967"
"408","Frankenstein.txt","frankenstein","tt0109836"
"409","Frankenweenie.txt","frankenweenie","tt1142977"
"410","Freaked.txt","freaked","tt0109838"
"411","Freddy-vs.-Jason.txt","freddy-vs.-jason","tt0329101"
"412","French-Connection,-The.txt","the-french-connection","tt0067116"
"413","Frequency.txt","frequency","tt0186151"
"418","From-Dusk-Till-Dawn.txt","from-dusk-till-dawn","tt0116367"
"421","Frozen-River.txt","frozen-river","tt0978759"
"422","Frozen.txt","frozen","tt1323045"
"423","Fruitvale-Station.txt","fruitvale-station","tt2334649"
"424","Fugitive,-The.txt","the-fugitive","tt0106977"
"425","Funny-People.txt","funny-people","tt1201167"
"426","G.I.-Jane.txt","g.i.-jane","tt0119173"
"429","Game,-The.txt","the-game","tt0119174"
"430","Gamer.txt","gamer","tt1034032"
"431","Gandhi.txt","gandhi","tt0083987"
"432","Gang-Related.txt","gang-related","tt0118900"
"433","Gangs-of-New-York.txt","gangs-of-new-york","tt0217505"
"434","Garden-State.txt","garden-state","tt0333766"
"435","Gattaca.txt","gattaca","tt0119177"
"436","Get-Carter.txt","get-carter","tt0067128"
"437","Get-Low.txt","get-low","tt1194263"
"438","Get-on-Up.txt","get-on-up","tt2473602"
"440","Get-Shorty.txt","get-shorty","tt0113161"
"441","Getaway,-The.txt","the-getaway","tt0068638"
"443","Ghost-and-the-Darkness,-The.txt","the-ghost-and-the-darkness","tt0116409"
"444","Ghost-Rider.txt","ghost-rider","tt0259324"
"445","Ghost-Ship.txt","ghost-ship","tt0288477"
"446","Ghost-World.txt","ghost-world","tt0162346"
"448","Ghostbusters.txt","ghostbusters","tt0087332"
"450","Gladiator.txt","gladiator","tt0172495"
"452","Go.txt","go","tt0139239"
"456","Gods-and-Monsters.txt","gods-and-monsters","tt0120684"
"457","Godzilla.txt","godzilla","tt0120685"
"458","Gone-Baby-Gone.txt","gone-baby-gone","tt0452623"
"459","Gone-in-60-Seconds.txt","gone-in-60-seconds","tt0187078"
"460","Good-Girl,-The.txt","the-good-girl","tt0279113"
"461","Good-Will-Hunting.txt","good-will-hunting","tt0119217"
"462","Gothika.txt","gothika","tt0348836"
"463","Grabbers.txt","grabbers","tt1525366"
"464","Graduate,-The.txt","the-graduate","tt0061722"
"465","Gran-Torino.txt","gran-torino","tt1205489"
"469","Gravity.txt","gravity","tt1454468"
"470","Great-Gatsby,-The.txt","the-great-gatsby","tt1343092"
"471","Green-Mile,-The.txt","the-green-mile","tt0120689"
"473","Gremlins.txt","gremlins","tt0087363"
"474","Grifters,-The.txt","the-grifters","tt0099703"
"476","Groundhog-Day.txt","groundhog-day","tt0107048"
"477","Grudge,-The.txt","the-grudge","tt0391198"
"479","Hackers.txt","hackers","tt0113243"
"480","Hall-Pass.txt","hall-pass","tt0480687"
"482","Halloween.txt","halloween","tt1502407"
"483","Hancock.txt","hancock","tt0448157"
"484","Hangover,-The.txt","the-hangover","tt1119646"
"485","Hanna.txt","hanna","tt0993842"
"486","Hannah-and-Her-Sisters.txt","hannah-and-her-sisters","tt0091167"
"490","Hard-Rain.txt","hard-rain","tt0120696"
"493","Haunting,-The.txt","the-haunting","tt0171363"
"494","He's-Just-Not-That-Into-You.txt","he's-just-not-that-into-you","tt1001508"
"496","Heathers.txt","heathers","tt0097493"
"497","Heavenly-Creatures.txt","heavenly-creatures","tt0110005"
"503","Hellboy.txt","hellboy","tt0167190"
"507","Hellraiser.txt","hellraiser","tt0093177"
"508","Help,-The.txt","the-help","tt1454029"
"509","Henry's-Crime.txt","henry's-crime","tt1220888"
"511","Her.txt","her","tt1798709"
"512","Hesher.txt","hesher","tt1403177"
"513","High-Fidelity.txt","high-fidelity","tt0146882"
"515","Highlander.txt","highlander","tt0091203"
"516","Hills-Have-Eyes,-The.txt","the-hills-have-eyes","tt0454841"
"518","Hitchcock.txt","hitchcock","tt0975645"
"519","Hitchhiker's-Guide-to-the-Galaxy,-The.txt","the-hitchhiker's-guide-to-the-galaxy","tt0371724"
"520","Hollow-Man.txt","hollow-man","tt0164052"
"522","Horrible-Bosses.txt","horrible-bosses","tt1499658"
"523","Horse-Whisperer,-The.txt","the-horse-whisperer","tt0119314"
"525","Hostage.txt","hostage","tt0340163"
"526","Hot-Tub-Time-Machine.txt","hot-tub-time-machine","tt1231587"
"527","Hotel-Rwanda.txt","hotel-rwanda","tt0395169"
"528","House-of-1000-Corpses.txt","house-of-1000-corpses","tt0251736"
"529","How-to-Train-Your-Dragon-2.txt","how-to-train-your-dragon-2","tt1646971"
"530","How-to-Train-Your-Dragon.txt","how-to-train-your-dragon","tt0892769"
"531","Hudson-Hawk.txt","hudson-hawk","tt0102070"
"532","Hudsucker-Proxy,-The.txt","the-hudsucker-proxy","tt0110074"
"533","Human-Nature.txt","human-nature","tt0219822"
"534","Hunt-for-Red-October,-The.txt","the-hunt-for-red-october","tt0099810"
"535","Hurt-Locker,-The.txt","the-hurt-locker","tt0887912"
"537","I-Am-Number-Four.txt","i-am-number-four","tt1464540"
"539","I-Love-You-Phillip-Morris.txt","i-love-you-phillip-morris","tt1045772"
"540","I-Spit-on-Your-Grave.txt","i-spit-on-your-grave","tt1242432"
"541","I-Still-Know-What-You-Did-Last-Summer.txt","i-still-know-what-you-did-last-summer","tt0130018"
"543","I.txt","i","tt2302966"
"544","Ice-Storm,-The.txt","the-ice-storm","tt0119349"
"545","Ides-of-March,-The.txt","the-ides-of-march","tt1124035"
"546","Imaginarium-of-Doctor-Parnassus,-The.txt","the-imaginarium-of-doctor-parnassus","tt1054606"
"548","In-the-Loop.txt","in-the-loop","tt1226774"
"549","Inception.txt","inception","tt1375666"
"550","Incredibles,-The.txt","the-incredibles","tt0317705"
"551","Independence-Day.txt","independence-day","tt0116629"
"552","Indiana-Jones-and-the-Last-Crusade.txt","indiana-jones-and-the-last-crusade","tt0097576"
"553","Indiana-Jones-and-the-Raiders-of-the-Lost-Ark.txt","indiana-jones-and-the-raiders-of-the-lost-ark","tt0082971"
"557","Inglourious-Basterds.txt","inglourious-basterds","tt0361748"
"558","Insider,-The.txt","the-insider","tt0140352"
"559","Insidious.txt","insidious","tt1591095"
"561","Interstellar.txt","interstellar","tt0816692"
"563","Into-the-Wild.txt","into-the-wild","tt0758758"
"564","Into-the-Woods.txt","into-the-woods","tt2180411"
"565","Intolerable-Cruelty.txt","intolerable-cruelty","tt0138524"
"566","Inventing-the-Abbotts.txt","inventing-the-abbotts","tt0119381"
"567","Invention-of-Lying,-The.txt","the-invention-of-lying","tt1058017"
"568","Invictus.txt","invictus","tt1057500"
"569","Iron-Lady,-The.txt","the-iron-lady","tt1007029"
"570","Island,-The.txt","the-island","tt0399201"
"572","It's-Complicated.txt","it's-complicated","tt1230414"
"574","Italian-Job,-The.txt","the-italian-job","tt0317740"
"575","Jacket,-The.txt","the-jacket","tt0366627"
"576","Jackie-Brown.txt","jackie-brown","tt0119396"
"577","Jacob's-Ladder.txt","jacob's-ladder","tt0099871"
"578","Jane-Eyre.txt","jane-eyre","tt1229822"
"579","Jason-X.txt","jason-x","tt0211443"
"580","Jaws-2.txt","jaws-2","tt0077766"
"581","Jaws.txt","jaws","tt0073195"
"582","Jay-and-Silent-Bob-Strike-Back.txt","jay-and-silent-bob-strike-back","tt0261392"
"583","Jennifer's-Body.txt","jennifer's-body","tt1131734"
"585","Jerry-Maguire.txt","jerry-maguire","tt0116695"
"587","JFK.txt","jfk","tt0102138"
"589","John-Q.txt","john-q","tt0251160"
"590","John-Wick.txt","john-wick","tt2911666"
"591","Joker.txt","joker","tt7286456"
"592","Judge-Dredd.txt","judge-dredd","tt0113492"
"593","Juno.txt","juno","tt0467406"
"594","Jurassic-Park-III.txt","jurassic-park-iii","tt0163025"
"596","Jurassic-Park.txt","jurassic-park","tt0107290"
"597","Kafka.txt","kafka","tt0102181"
"598","Kalifornia.txt","kalifornia","tt0107302"
"599","Kids-Are-All-Right,-The.txt","the-kids-are-all-right","tt0842926"
"600","Kids.txt","kids","tt0113540"
"601","Kill-Your-Darlings.txt","kill-your-darlings","tt1311071"
"602","Killing-Zoe.txt","killing-zoe","tt0110265"
"603","King's-Speech,-The.txt","the-king's-speech","tt1504320"
"604","King-Kong.txt","king-kong","tt0360717"
"605","King-of-Comedy,-The.txt","the-king-of-comedy","tt0085794"
"606","Kingdom,-The.txt","the-kingdom","tt0431197"
"607","Klute.txt","klute","tt0067309"
"608","Knocked-Up.txt","knocked-up","tt0478311"
"610","Kundun.txt","kundun","tt0119485"
"611","Kung-Fu-Panda.txt","kung-fu-panda","tt0441773"
"613","La-La-Land.txt","la-la-land","tt3783958"
"616","Ladykillers,-The.txt","the-ladykillers","tt0335245"
"617","Lake-Placid.txt","lake-placid","tt0139414"
"618","Land-of-the-Dead.txt","land-of-the-dead","tt0418819"
"619","Larry-Crowne.txt","larry-crowne","tt1583420"
"620","Last-Boy-Scout,-The.txt","the-last-boy-scout","tt0102266"
"621","Last-Chance-Harvey.txt","last-chance-harvey","tt1046947"
"623","Last-of-the-Mohicans,-The.txt","the-last-of-the-mohicans","tt0104691"
"624","Last-Samurai,-The.txt","the-last-samurai","tt0325710"
"625","Last-Station,-The.txt","the-last-station","tt0824758"
"626","Last-Tango-in-Paris.txt","last-tango-in-paris","tt0070849"
"627","Law-Abiding-Citizen.txt","law-abiding-citizen","tt1197624"
"629","Leaving-Las-Vegas.txt","leaving-las-vegas","tt0113627"
"630","Legally-Blonde.txt","legally-blonde","tt0250494"
"631","Legend.txt","legend","tt0089469"
"632","Legion.txt","legion","tt1038686"
"633","LEGO-Movie,-The.txt","the-lego-movie","tt1490017"
"636","Leviathan.txt","leviathan","tt0097737"
"637","Liar-Liar.txt","liar-liar","tt0119528"
"638","Life-As-A-House.txt","life-as-a-house","tt0264796"
"639","Life-of-David-Gale,-The.txt","the-life-of-david-gale","tt0289992"
"640","Life-of-Pi.txt","life-of-pi","tt0454876"
"641","Life.txt","life","tt0123964"
"642","Light-Sleeper.txt","light-sleeper","tt0102307"
"643","Limey,-The.txt","the-limey","tt0165854"
"644","Limitless.txt","limitless","tt1219289"
"645","Lincoln-Lawyer,-The.txt","the-lincoln-lawyer","tt1189340"
"646","Lincoln.txt","lincoln","tt0443272"
"648","Little-Men.txt","little-men","tt4919484"
"649","Little-Mermaid,-The.txt","the-little-mermaid","tt0097757"
"650","Little-Nicky.txt","little-nicky","tt0185431"
"651","Living-in-Oblivion.txt","living-in-oblivion","tt0113677"
"652","Lock,-Stock-and-Two-Smoking-Barrels.txt","lock,-stock-and-two-smoking-barrels","tt0120735"
"653","Logan's-Run.txt","logan's-run","tt0074812"
"654","Logan.txt","logan","tt3315342"
"655","Lone-Star.txt","lone-star","tt0116905"
"656","Long-Kiss-Goodnight,-The.txt","the-long-kiss-goodnight","tt0116908"
"657","Looper.txt","looper","tt1276104"
"658","Lord-of-Illusions.txt","lord-of-illusions","tt0113690"
"662","Lord-of-War.txt","lord-of-war","tt0399295"
"663","Losers,-The.txt","the-losers","tt0480255"
"664","Lost-Highway.txt","lost-highway","tt0116922"
"666","Lost-in-Space.txt","lost-in-space","tt0120738"
"667","Lost-in-Translation.txt","lost-in-translation","tt0335266"
"669","Machete.txt","machete","tt0985694"
"670","Machine-Gun-Preacher.txt","machine-gun-preacher","tt1586752"
"672","Made.txt","made","tt0227005"
"673","Magnolia.txt","magnolia","tt0175880"
"675","Major-League.txt","major-league","tt0097815"
"676","Malcolm-X.txt","malcolm-x","tt0104797"
"677","Malibu's-Most-Wanted.txt","malibu's-most-wanted","tt0328099"
"679","Man-On-Fire.txt","man-on-fire","tt0328107"
"680","Man-on-the-Moon.txt","man-on-the-moon","tt0125664"
"683","Man-Who-Wasn't-There,-The.txt","the-man-who-wasn't-there","tt0243133"
"684","Manchurian-Candidate,-The.txt","the-manchurian-candidate","tt0368008"
"685","Manhattan-Murder-Mystery.txt","manhattan-murder-mystery","tt0107507"
"686","Manhunter.txt","manhunter","tt0091474"
"689","Margot-at-the-Wedding.txt","margot-at-the-wedding","tt0757361"
"691","Martha-Marcy-May-Marlene.txt","martha-marcy-may-marlene","tt1441326"
"692","Martian,-The.txt","the-martian","tt3659388"
"694","Mary-Poppins.txt","mary-poppins","tt0058331"
"695","Mask,-The.txt","the-mask","tt0110475"
"697","Master,-The.txt","the-master","tt1560747"
"698","Matrix-Reloaded,-The.txt","the-matrix-reloaded","tt0234215"
"699","Matrix,-The.txt","the-matrix","tt0133093"
"700","Max-Payne.txt","max-payne","tt0467197"
"701","Mean-Streets.txt","mean-streets","tt0070379"
"702","Mechanic,-The.txt","the-mechanic","tt0068931"
"703","Meet-Joe-Black.txt","meet-joe-black","tt0119643"
"705","Megamind.txt","megamind","tt1001526"
"706","Memento.txt","memento","tt0209144"
"707","Men-in-Black-3.txt","men-in-black-3","tt1409024"
"708","Men-in-Black.txt","men-in-black","tt0119654"
"709","Men-Who-Stare-at-Goats,-The.txt","the-men-who-stare-at-goats","tt1234548"
"710","Metro.txt","metro","tt0119664"
"711","Miami-Vice.txt","miami-vice","tt0430357"
"712","Midnight-Cowboy.txt","midnight-cowboy","tt0064665"
"713","Midnight-Express.txt","midnight-express","tt0077928"
"714","Midnight-in-Paris.txt","midnight-in-paris","tt1605783"
"715","Mighty-Joe-Young.txt","mighty-joe-young","tt0120751"
"717","Milk.txt","milk","tt1013753"
"718","Miller's-Crossing.txt","miller's-crossing","tt0100150"
"719","Mimic.txt","mimic","tt0119675"
"720","Mini's-First-Time.txt","mini's-first-time","tt0425253"
"722","Miracle-Worker,-The.txt","the-miracle-worker","tt0056241"
"723","Mirrors.txt","mirrors","tt0790686"
"724","Misery.txt","misery","tt0100157"
"727","Mission-to-Mars.txt","mission-to-mars","tt0183523"
"729","Monkeybone.txt","monkeybone","tt0166276"
"730","Monte-Carlo.txt","monte-carlo","tt1067774"
"731","Moon.txt","moon","tt1182345"
"733","Moonstruck.txt","moonstruck","tt0093565"
"737","Mrs.-Brown.txt","mrs.-brown","tt0119280"
"738","Mud.txt","mud","tt1935179"
"739","Mulan.txt","mulan","tt0120762"
"740","Mulholland-Drive.txt","mulholland-drive","tt0166924"
"741","Mumford.txt","mumford","tt0140397"
"742","Mummy,-The.txt","the-mummy","tt0120616"
"745","My-Best-Friend's-Wedding.txt","my-best-friend's-wedding","tt0119738"
"748","My-Week-with-Marilyn.txt","my-week-with-marilyn","tt1655420"
"749","Mystery-Men.txt","mystery-men","tt0132347"
"750","Napoleon-Dynamite.txt","napoleon-dynamite","tt0374900"
"751","Nashville.txt","nashville","tt0073440"
"752","Natural-Born-Killers.txt","natural-born-killers","tt0110632"
"753","Never-Been-Kissed.txt","never-been-kissed","tt0151738"
"754","Neverending-Story,-The.txt","the-neverending-story","tt0088323"
"755","New-York-Minute.txt","new-york-minute","tt0363282"
"756","Newsies.txt","newsies","tt0104990"
"758","Next-Friday.txt","next-friday","tt0195945"
"759","Next-Three-Days,-The.txt","the-next-three-days","tt1458175"
"761","Nick-of-Time.txt","nick-of-time","tt0113972"
"763","Nightbreed.txt","nightbreed","tt0100260"
"764","Nightmare-Before-Christmas,-The.txt","the-nightmare-before-christmas","tt0107688"
"767","Nine.txt","nine","tt0875034"
"768","Nines,-The.txt","the-nines","tt0810988"
"769","Ninja-Assassin.txt","ninja-assassin","tt1186367"
"771","Ninth-Gate,-The.txt","the-ninth-gate","tt0142688"
"772","No-Country-for-Old-Men.txt","no-country-for-old-men","tt0477348"
"773","No-Strings-Attached.txt","no-strings-attached","tt1411238"
"775","Nurse-Betty.txt","nurse-betty","tt0171580"
"776","Oblivion.txt","oblivion","tt1483013"
"778","Obsessed.txt","obsessed","tt1198138"
"779","Ocean's-Eleven.txt","ocean's-eleven","tt0240772"
"780","Ocean's-Twelve.txt","ocean's-twelve","tt0349903"
"781","Office-Space.txt","office-space","tt0151804"
"784","Only-God-Forgives.txt","only-god-forgives","tt1602613"
"785","Ordinary-People.txt","ordinary-people","tt0081283"
"787","Orphan.txt","orphan","tt1148204"
"788","Other-Boleyn-Girl,-The.txt","the-other-boleyn-girl","tt0467200"
"790","Pacifier,-The.txt","the-pacifier","tt0395699"
"793","ParaNorman.txt","paranorman","tt1623288"
"795","Passengers.txt","passengers","tt1355644"
"797","Patriot,-The.txt","the-patriot","tt0187393"
"799","Pearl-Harbor.txt","pearl-harbor","tt0213149"
"801","Peggy-Sue-Got-Married.txt","peggy-sue-got-married","tt0091738"
"804","Perks-of-Being-a-Wallflower,-The.txt","the-perks-of-being-a-wallflower","tt1659337"
"805","Pet-Sematary-II.txt","pet-sematary-ii","tt0105128"
"806","Pet-Sematary.txt","pet-sematary","tt0098084"
"808","Philadelphia.txt","philadelphia","tt0107818"
"810","Pi.txt","pi","tt0138704"
"811","Pianist,-The.txt","the-pianist","tt0253474"
"812","Piano,-The.txt","the-piano","tt0107822"
"813","Pineapple-Express.txt","pineapple-express","tt0910936"
"816","Pitch-Black.txt","pitch-black","tt0134847"
"819","Platoon.txt","platoon","tt0091763"
"820","Pleasantville.txt","pleasantville","tt0120789"
"821","Point-Break.txt","point-break","tt0102685"
"823","Postman,-The.txt","the-postman","tt0119925"
"824","Power-of-One,-The.txt","the-power-of-one","tt0105159"
"825","Precious.txt","precious","tt0929632"
"826","Predator.txt","predator","tt0093773"
"827","Prestige,-The.txt","the-prestige","tt0482571"
"829","Pretty-Woman.txt","pretty-woman","tt0100405"
"832","Princess-Bride,-The.txt","the-princess-bride","tt0093779"
"833","Private-Life-of-Sherlock-Holmes,-The.txt","the-private-life-of-sherlock-holmes","tt0066249"
"835","Program,-The.txt","the-program","tt0107889"
"837","Prometheus.txt","prometheus","tt1446714"
"838","Prophecy,-The.txt","the-prophecy","tt0114194"
"839","Proposal,-The.txt","the-proposal","tt1041829"
"840","Psycho.txt","psycho","tt0054215"
"841","Public-Enemies.txt","public-enemies","tt1152836"
"842","Pulp-Fiction.txt","pulp-fiction","tt0110912"
"843","Punch-Drunk-Love.txt","punch-drunk-love","tt0272338"
"844","Purple-Rain.txt","purple-rain","tt0087957"
"846","Queen-of-the-Damned.txt","queen-of-the-damned","tt0238546"
"847","Queen,-The.txt","the-queen","tt0436697"
"848","Rachel-Getting-Married.txt","rachel-getting-married","tt1084950"
"850","Raising-Arizona.txt","raising-arizona","tt0093822"
"853","Reader,-The.txt","the-reader","tt0976051"
"854","Real-Genius.txt","real-genius","tt0089886"
"858","Red-Riding-Hood.txt","red-riding-hood","tt1486185"
"859","Reindeer-Games.txt","reindeer-games","tt0184858"
"860","Relic,-The.txt","the-relic","tt0120004"
"861","Remember-Me.txt","remember-me","tt1403981"
"862","Replacements,-The.txt","the-replacements","tt0191397"
"863","Repo-Man.txt","repo-man","tt0087995"
"864","Rescuers-Down-Under,-The.txt","the-rescuers-down-under","tt0100477"
"865","Reservoir-Dogs.txt","reservoir-dogs","tt0105236"
"868","Revenant,-The.txt","the-revenant","tt1663202"
"869","Revolutionary-Road.txt","revolutionary-road","tt0959337"
"870","Ringu.txt","ringu","tt0178868"
"871","Rise-of-the-Guardians.txt","rise-of-the-guardians","tt1446192"
"872","Rise-of-the-Planet-of-the-Apes.txt","rise-of-the-planet-of-the-apes","tt1318514"
"874","Road,-The.txt","the-road","tt0898367"
"876","Rock,-The.txt","the-rock","tt0117500"
"877","RocknRolla.txt","rocknrolla","tt1032755"
"878","Rocky-Horror-Picture-Show,-The.txt","the-rocky-horror-picture-show","tt0073629"
"879","Rocky.txt","rocky","tt0075148"
"880","Ronin.txt","ronin","tt0122690"
"882","Roommate,-The.txt","the-roommate","tt1265990"
"884","Ruins,-The.txt","the-ruins","tt0963794"
"885","Runaway-Bride.txt","runaway-bride","tt0163187"
"887","Rush-Hour-2.txt","rush-hour-2","tt0266915"
"888","Rush-Hour.txt","rush-hour","tt0120812"
"889","Rushmore.txt","rushmore","tt0128445"
"890","Rust-and-Bone.txt","rust-and-bone","tt2053425"
"891","S.-Darko.txt","s.-darko","tt1231277"
"892","Saint,-The.txt","the-saint","tt0120053"
"893","Salton-Sea,-The.txt","the-salton-sea","tt0235737"
"895","Save-the-Last-Dance.txt","save-the-last-dance","tt0206275"
"896","Saving-Mr.-Banks.txt","saving-mr.-banks","tt2140373"
"897","Saving-Private-Ryan.txt","saving-private-ryan","tt0120815"
"898","Saw.txt","saw","tt0387564"
"899","Scarface.txt","scarface","tt0086250"
"900","Scary-Movie-2.txt","scary-movie-2","tt0257106"
"904","Scream-2.txt","scream-2","tt0120082"
"905","Scream-3.txt","scream-3","tt0134084"
"906","Se7en.txt","se7en","tt0114369"
"908","Secret-Life-of-Walter-Mitty,-The.txt","the-secret-life-of-walter-mitty","tt0359950"
"909","Semi-Pro.txt","semi-pro","tt0839980"
"910","Sense-and-Sensibility.txt","sense-and-sensibility","tt0114388"
"911","Serenity.txt","serenity","tt0379786"
"913","Sessions,-The.txt","the-sessions","tt1866249"
"915","Sex-and-the-City.txt","sex-and-the-city","tt1000774"
"918","Shakespeare-in-Love.txt","shakespeare-in-love","tt0138097"
"919","Shallow-Grave.txt","shallow-grave","tt0111149"
"920","Shame.txt","shame","tt1723811"
"921","Shampoo.txt","shampoo","tt0073692"
"922","Shawshank-Redemption,-The.txt","the-shawshank-redemption","tt0111161"
"923","She's-Out-of-My-League.txt","she's-out-of-my-league","tt0815236"
"924","Sherlock-Holmes.txt","sherlock-holmes","tt0988045"
"926","Shining,-The.txt","the-shining","tt0081505"
"927","Shipping-News,-The.txt","the-shipping-news","tt0120824"
"928","Shivers.txt","shivers","tt0073705"
"929","Shrek-the-Third.txt","shrek-the-third","tt0413267"
"930","Shrek.txt","shrek","tt0126029"
"931","Sicario.txt","sicario","tt3397884"
"932","Sideways.txt","sideways","tt0375063"
"933","Siege,-The.txt","the-siege","tt0133952"
"934","Signs.txt","signs","tt0286106"
"937","Silver-Linings-Playbook.txt","silver-linings-playbook","tt1045658"
"939","Single-White-Female.txt","single-white-female","tt0105414"
"941","Six-Degrees-of-Separation.txt","six-degrees-of-separation","tt0108149"
"942","Sixth-Sense,-The.txt","the-sixth-sense","tt0167404"
"943","Sleepless-in-Seattle.txt","sleepless-in-seattle","tt0108160"
"944","Sleepy-Hollow.txt","sleepy-hollow","tt0162661"
"945","Sling-Blade.txt","sling-blade","tt0117666"
"946","Slither.txt","slither","tt0439815"
"947","Slumdog-Millionaire.txt","slumdog-millionaire","tt1010048"
"948","Smashed.txt","smashed","tt2063781"
"949","Smokin'-Aces.txt","smokin'-aces","tt0475394"
"951","Snow-Falling-On-Cedars.txt","snow-falling-on-cedars","tt0120834"
"952","Snow-White-and-the-Huntsman.txt","snow-white-and-the-huntsman","tt1735898"
"953","So-I-Married-an-Axe-Murderer.txt","so-i-married-an-axe-murderer","tt0108174"
"954","Social-Network,-The.txt","the-social-network","tt1285016"
"955","Solaris.txt","solaris","tt0307479"
"956","Soldier.txt","soldier","tt0120157"
"957","Someone-To-Watch-Over-Me.txt","someone-to-watch-over-me","tt0094008"
"958","Something's-Gotta-Give.txt","something's-gotta-give","tt0337741"
"959","Source-Code.txt","source-code","tt0945513"
"964","Spartan.txt","spartan","tt0360009"
"965","Speed-Racer.txt","speed-racer","tt0811080"
"966","Sphere.txt","sphere","tt0120184"
"967","Spider-Man.txt","spider-man","tt0145487"
"968","St.-Elmo's-Fire.txt","st.-elmo's-fire","tt0090060"
"974","Star-Trek.txt","star-trek","tt0796366"
"982","Starman.txt","starman","tt0088172"
"983","Starship-Troopers.txt","starship-troopers","tt0120201"
"984","State-and-Main.txt","state-and-main","tt0120202"
"987","Sting,-The.txt","the-sting","tt0070735"
"988","Stir-of-Echoes.txt","stir-of-echoes","tt0164181"
"989","Storytelling.txt","storytelling","tt0250081"
"990","Straight-Outta-Compton.txt","straight-outta-compton","tt1398426"
"991","Strange-Days.txt","strange-days","tt0114558"
"997","Sunshine-Cleaning.txt","sunshine-cleaning","tt0862846"
"998","Super-8.txt","super-8","tt1650062"
"999","Superbad.txt","superbad","tt0829482"
"1002","Surrogates.txt","surrogates","tt0986263"
"1003","Suspect-Zero.txt","suspect-zero","tt0324127"
"1005","Sweet-Hereafter,-The.txt","the-sweet-hereafter","tt0120255"
"1007","Swingers.txt","swingers","tt0117802"
"1009","Synecdoche,-New-York.txt","synecdoche,-new-york","tt0383028"
"1010","Syriana.txt","syriana","tt0365737"
"1011","Take-Shelter.txt","take-shelter","tt1675192"
"1012","Taking-Lives.txt","taking-lives","tt0364045"
"1013","Taking-of-Pelham-One-Two-Three,-The.txt","the-taking-of-pelham-one-two-three","tt0072251"
"1015","Talented-Mr.-Ripley,-The.txt","the-talented-mr.-ripley","tt0134119"
"1017","Tamara-Drewe.txt","tamara-drewe","tt1486190"
"1018","Taxi-Driver.txt","taxi-driver","tt0075314"
"1019","Ted.txt","ted","tt1637725"
"1021","Terminator-Salvation.txt","terminator-salvation","tt0438488"
"1024","Theory-of-Everything,-The.txt","the-theory-of-everything","tt2980516"
"1025","There's-Something-About-Mary.txt","there's-something-about-mary","tt0129387"
"1026","They.txt","they","tt0283632"
"1027","Thing,-The.txt","the-thing","tt0084787"
"1029","Thirteen-Days.txt","thirteen-days","tt0146309"
"1030","This-Boy's-Life.txt","this-boy's-life","tt0108330"
"1031","This-is-40.txt","this-is-40","tt1758830"
"1033","Thor.txt","thor","tt0800369"
"1035","Three-Kings.txt","three-kings","tt0120188"
"1036","Three-Men-and-a-Baby.txt","three-men-and-a-baby","tt0094137"
"1037","Three-Musketeers,-The.txt","the-three-musketeers","tt0108333"
"1038","Thunderbirds.txt","thunderbirds","tt0167456"
"1040","Ticker.txt","ticker","tt0196158"
"1042","Time-Machine,-The.txt","the-time-machine","tt0268695"
"1043","Tin-Cup.txt","tin-cup","tt0117918"
"1044","Tin-Men.txt","tin-men","tt0094155"
"1045","Tinker-Tailor-Soldier-Spy.txt","tinker-tailor-soldier-spy","tt1340800"
"1046","Titanic.txt","titanic","tt0120338"
"1047","TMNT.txt","tmnt","tt0453556"
"1049","Tombstone.txt","tombstone","tt0108358"
"1050","Tomorrow-Never-Dies.txt","tomorrow-never-dies","tt0120347"
"1051","Top-Gun.txt","top-gun","tt0092099"
"1053","Tourist,-The.txt","the-tourist","tt1243957"
"1054","Toy-Story.txt","toy-story","tt0114709"
"1055","Traffic.txt","traffic","tt0181865"
"1056","Training-Day.txt","training-day","tt0139654"
"1057","Trainspotting.txt","trainspotting","tt0117951"
"1059","Tremors.txt","tremors","tt0100814"
"1062","TRON.txt","tron","tt0084827"
"1063","Tropic-Thunder.txt","tropic-thunder","tt0942385"
"1065","True-Lies.txt","true-lies","tt0111503"
"1066","True-Romance.txt","true-romance","tt0108399"
"1067","Truman-Show,-The.txt","the-truman-show","tt0120382"
"1071","Twins.txt","twins","tt0096320"
"1072","Two-For-The-Money.txt","two-for-the-money","tt0417217"
"1073","U-Turn.txt","u-turn","tt0120399"
"1074","Ugly-Truth,-The.txt","the-ugly-truth","tt1142988"
"1076","Unbreakable.txt","unbreakable","tt0217869"
"1077","Under-Fire.txt","under-fire","tt0086510"
"1078","Unknown.txt","unknown","tt1401152"
"1079","Up-in-the-Air.txt","up-in-the-air","tt1193138"
"1080","Up.txt","up","tt1049413"
"1081","Usual-Suspects,-The.txt","the-usual-suspects","tt0114814"
"1082","V-for-Vendetta.txt","v-for-vendetta","tt0434409"
"1083","Valkyrie.txt","valkyrie","tt0985699"
"1084","Vanilla-Sky.txt","vanilla-sky","tt0259711"
"1085","Verdict,-The.txt","the-verdict","tt0084855"
"1086","Very-Bad-Things.txt","very-bad-things","tt0124198"
"1087","Village,-The.txt","the-village","tt0368447"
"1088","Virtuosity.txt","virtuosity","tt0114857"
"1089","Visitor,-The.txt","the-visitor","tt0857191"
"1090","Wag-the-Dog.txt","wag-the-dog","tt0120885"
"1096","Wanted.txt","wanted","tt0493464"
"1097","War-for-the-Planet-of-the-Apes.txt","war-for-the-planet-of-the-apes","tt3450958"
"1098","War-Horse.txt","war-horse","tt1568911"
"1099","War-of-the-Worlds.txt","war-of-the-worlds","tt0407304"
"1101","Warrior.txt","warrior","tt1291584"
"1102","Watchmen.txt","watchmen","tt0409459"
"1103","Water-for-Elephants.txt","water-for-elephants","tt1067583"
"1104","Way-Back,-The.txt","the-way-back","tt1023114"
"1107","When-a-Stranger-Calls.txt","when-a-stranger-calls","tt0080130"
"1109","Whistleblower,-The.txt","the-whistleblower","tt0896872"
"1112","White-Ribbon,-The.txt","the-white-ribbon","tt1149362"
"1117","Wild-Bunch,-The.txt","the-wild-bunch","tt0065214"
"1118","Wild-Hogs.txt","wild-hogs","tt0486946"
"1120","Wild-Things.txt","wild-things","tt0120890"
"1122","Willow.txt","willow","tt0096446"
"1123","Win-Win.txt","win-win","tt1606392"
"1126","Witness.txt","witness","tt0090329"
"1128","Wolf-of-Wall-Street,-The.txt","the-wolf-of-wall-street","tt0993846"
"1129","Wonder-Boys.txt","wonder-boys","tt0185014"
"1130","Wonder-Woman.txt","wonder-woman","tt0451279"
"1131","Woodsman,-The.txt","the-woodsman","tt0361127"
"1132","World-is-not-Enough,-The.txt","the-world-is-not-enough","tt0143145"
"1133","Wrestler,-The.txt","the-wrestler","tt1125849"
"1136","X-Men.txt","x-men","tt0120903"
"1137","xXx.txt","xxx","tt0295701"
"1138","Year-One.txt","year-one","tt1045778"
"1139","Yes-Man.txt","yes-man","tt1068680"
"1141","You-Can-Count-On-Me.txt","you-can-count-on-me","tt0203230"
"1143","Zero-Dark-Thirty.txt","zero-dark-thirty","tt1790885"
"1145","Zootopia.txt","zootopia","tt2948356"
